,PIP,Post Mean,Post SD,Cond.Pos.Sign,Idx,PIP,Post Mean,Post SD,Cond.Pos.Sign,Idx,PIP,Post Mean,Post SD,Cond.Pos.Sign,Idx
z_variance,1,2.86160266,0.46424065,1,1,1,3.133717709,0.461643222,1,1,1,3.165984706,0.4503674,1,1
intervention_Rebate,0.637345677,0.072463795,0.066359948,1,2,0.04354625,0.003835804,0.020618012,1,2,0.005141369,0.000256547,0.004734259,1,2
intervention_Label,0.436387076,-0.032299308,0.042405634,0.0002904,3,0.078270766,-0.005860856,0.022344752,0,3,0.009651142,-0.000513639,0.006248427,0,3
intervention_Subsidy,0.063154837,-0.003603106,0.021979261,0.17539343,4,0.00756463,-0.000135858,0.004659043,0.13156331,4,0.002350672,-1.57643E-05,0.001974022,0.02658111,4
appliance_Water,0.085629053,0.007032306,0.032376038,0.85378834,5,0.00752948,-4.22905E-05,0.004326428,0.19696117,5,0.002416,-1.90643E-05,0.001788616,0.05071689,5
appliance_Lighting,0.970722517,0.163046919,0.060321637,1,6,0.077948224,0.00926234,0.035618985,1,6,0.007308376,0.000523078,0.007463549,1,6
appliance_Refrigerator,0.999970336,0.154766199,0.038617395,1,7,0.991509065,0.133264059,0.032194398,1,7,0.986967118,0.134265576,0.03249101,1,7
appliance_Washing,0.289431412,0.034403913,0.062598304,0.99999479,8,0.017567201,0.001338461,0.012568776,0.99999983,8,0.004399435,0.000263625,0.005259347,1,8
appliance_Clothes,0.031654451,-0.001689351,0.017190088,0.04461276,9,0.032906761,-0.004624168,0.028986521,0.00003199,9,0.012224902,-0.001730182,0.017834469,0,9
appliance_Dishwasher,0.025370166,0.000396328,0.015160051,0.60211971,10,0.007284133,-0.000384985,0.009176374,0.0219441,10,0.002523132,-0.00013649,0.005340327,0,10
appliance_TV,0.062304987,-0.00423753,0.022210017,0.00271515,11,0.011900943,-0.00073978,0.009359553,0.00014342,11,0.00329865,-0.000156345,0.00418318,0,11
appliance_Air-Conditioner,0.161592226,0.014773464,0.040647781,0.99953033,12,0.013592801,0.000771707,0.009048819,0.99882843,12,0.002921533,7.83661E-05,0.002698085,1,12
statistical_technique_logit,0.476881246,0.039074192,0.04716801,0.99922932,13,0.082823557,0.005437961,0.020123317,1,13,0.026588978,0.00163879,0.010998767,1,13
statistical_technique_diff,0.041053029,-0.001343876,0.01193798,0.12421309,14,0.01411921,-0.000684677,0.007362642,0.00170354,14,0.00556603,-0.000277069,0.004632483,0,14
statistical_technique_probit,0.029852066,0.000187005,0.014632756,0.58049753,15,0.006195959,0.000101202,0.006033552,0.90636641,15,0.002188603,1.43116E-05,0.00324971,0.9999018,15
statistical_technique_other,0.267203098,0.036414916,0.069521297,0.99861373,16,0.007621543,0.000220879,0.007517066,0.45156103,16,0.00222919,-6.46037E-06,0.002915904,0.0727512,16
statistical_technique_OLS/WLS,0.077485714,0.007128198,0.031723364,0.99649592,17,0.007820898,0.000341427,0.007411061,0.98654118,17,0.002511265,6.94916E-05,0.003581704,0.99949979,17
study_design_control,0.1493943,-0.010100467,0.029078346,0.0020138,18,0.009816124,-0.000272499,0.004242706,0.00253645,18,0.0031405,-7.46212E-05,0.002121891,0,18
study_design_quasi-experimental,0.100119828,0.005246165,0.019577683,0.99050022,19,0.012471097,0.000404278,0.004933016,0.99908261,19,0.004532201,0.00013321,0.002664419,1,19
study_design_simulated,0.031562898,0.001111086,0.016271235,0.74217144,20,0.007302866,-0.000172193,0.005978225,0.17267758,20,0.002851265,-0.000107844,0.003690455,0.02935144,20
study_design_diff-in-diff,0.10276882,0.015566192,0.056852599,0.94547126,21,0.010847819,0.000909541,0.013099934,0.98968217,21,0.002770944,0.000128208,0.004696034,1,21
study_design_correlation,0.04428486,0.006983965,0.048094643,0.99938033,22,0.006270608,0.000302314,0.014788448,0.99828089,22,0.00208487,7.12162E-05,0.008344857,1,22
incentive_follow_through_revealed,0.671993218,-0.08427994,0.067390694,0.00003713,23,0.139531273,-0.011334182,0.031163194,0.00000003,23,0.031536777,-0.002000512,0.012219388,0,23
incentive_follow_through_stated,0.377143299,0.04230597,0.061263263,0.98358512,24,0.059585993,0.004313849,0.019924231,0.99626521,24,0.014860865,0.000767726,0.007150715,0.99948546,24
experimental_setting_retailer,0.036909265,0.000404829,0.009961512,0.58570479,25,0.008541015,-0.000185816,0.004117321,0.12486815,25,0.003012685,-6.77892E-05,0.00222755,0.02771895,25
experimental_setting_online,0.104951163,-0.006144724,0.022137177,0.0233953,26,0.011492396,-0.00040743,0.005783222,0.02888975,26,0.002652594,-3.37064E-05,0.001630545,0.03696744,26
participant_type_unspecified,0.418183206,0.05446847,0.071432156,0.99147885,27,0.134786585,0.010805612,0.03042678,0.99923112,27,0.031770258,0.001997983,0.012197346,1,27
participant_type_residents,0.659585502,-0.087981663,0.070334936,0.00006857,28,0.126677689,-0.010157635,0.030038039,0.0001802,28,0.034020191,-0.002096094,0.012279795,0.00000656,28
aware_of_study_1,0.046532846,0.001643416,0.011129254,0.96322101,29,0.008228948,0.000146749,0.00327744,0.88403727,29,0.00298189,5.42013E-05,0.001865489,0.95990577,29
opt_in_no,0.122801876,-0.007488989,0.025029929,0.0386139,30,0.007539381,-0.000107904,0.003609817,0.5954398,30,0.002228017,-3.66121E-06,0.001426125,0.90157175,30
randomisation_dummy_1,0.074807097,0.003942367,0.020411489,0.83156039,31,0.006348744,-3.51294E-05,0.00239613,0.13297245,31,0.00243285,-1.43434E-05,0.001317062,0.05046555,31
outOfSampleBias_probably,0.041403912,0.001044459,0.011249946,0.7116064,32,0.016236249,0.000719811,0.007307354,0.99189989,32,0.003615906,0.000106844,0.002629241,1,32
reportingBiases_probably,0.688147982,0.088946105,0.072717377,1,33,0.03796253,0.003808946,0.022416258,1,33,0.003651921,0.000132626,0.003280612,1,33
controls_energy_prices_1,0.042950279,0.001232304,0.010094933,0.9028625,34,0.007622414,-0.000107873,0.003348527,0.15907007,34,0.002827738,-6.04072E-05,0.002063196,0.00018597,34
controls_environmental_attitudes_1,0.268994805,-0.018102022,0.035194563,0,35,0.0248362,-0.001214498,0.009173003,0,35,0.00574211,-0.000222881,0.003687151,0,35
controls_demographics_0,0.06390733,0.002349265,0.012064339,0.99814555,36,0.007493099,-6.59232E-05,0.00291069,0.25876509,36,0.002683129,-4.35592E-05,0.001730109,0.06468524,36
(Intercept),1,0.011599782,NA,NA,0,1,0.051828953,NA,NA,0,1,0.053332978,NA,NA,0
