authors,year_publication,doc_title
"Allcott, Sweeney",2016,"The Role of Sales Agents in Information Disclosure:
Evidence from a Field Experiment"
"Liu, Jin",2019,"Visualisation Approach and Economic Incentives toward Low Carbon Practices in
Households: A Survey Study in Hyogo, Japan"
"Figueroa, Molière, Pegels, Never, Kutzner",2019,"Show me (more than) the money! Assessing the social and psychological
dimensions to energy efficient lighting in Kenya"
"Goto H, Goto M, Sueyoshi",2010,Consumer choice on ecologically efficient water heaters: Marketing strategy and policy implications in Japan
"Ma, Yu, Urban",2018,Green transition of energy systems in rural China: National survey evidence of households' discrete choices on water heaters
"Wasi, Carson",2013,The influence of rebate programs on the demand for water heaters: The case of New South Wales
"Revelt, Train",1998,"MIXED LOGIT WITH REPEATED CHOICES: HOUSEHOLDS’ CHOICES
OF APPLIANCE EFFICIENCY LEVEL"
"Alberini, Bigano, Boeri",2013,Looking for free riding: energy efficiency incentives and Italian homeowners 
"Allcott, Taubinsky",2016,Evaluating Behaviorally Motivated Policy: Experimental Evidence from the Lightbulb Market
"Sammer, Wuestenhagen",2006,The influence of eco-labelling on consumer behaviour – results of a discrete choice analysis for washing machines
"del Mar Sola, de Ayala, Galarraga",2021,The Effect of Providing Monetary Information on Energy Savings for Household Appliances: A Field Trial in Spain
"Anderson, Claxton",1982,Barriers to Consumer Choice of Energy Efficient Products
"Train, Atherton",1995,"REBATES, LOANS, AND CUSTOMERS CHOICE OF APPLIANCE EFFICIENCY LEVEL - COMBINING STATED AND REVEALED-PREFERENCE DATA"
"Jain, Rao, Patwardhan",2018,Consumer preference for labels in the purchase decisions of air conditioners in India
London Economics,2014,Study on the impact of the energy label – and potential changes to it – on consumer understanding and on purchase decisions
"Heinzle, Wüstenhagen",2012,Dynamic Adjustment of Eco-labeling Schemes and Consumer Choice - the Revision of the EU Energy Label as a Missed Opportunity?: Dynamic Adjustment of Eco-labelling Schemes & Consumer Choice
"Zha, Yang, Wang, Zhou",2020,Appliance energy labels and consumer heterogeneity: A latent class approach based on a discrete choice experiment in China
"Hafner, Elmes, Read, White",2019,"Exploring the role of normative, financial and environmental information in promoting uptake of energy efficient technologies"
"Jeong, Kim",2014,The effects of energy efficiency and environmental labels on appliance choice in South Korea
Deutsch,2010,The effect of life-cycle cost disclosure on consumer behavior: evidence from a field experiment with cooling appliances
"Stadelmann, Schubert",2018,How Do Different Designs of Energy Labels Influence Purchases of Household Appliances? A Field Study in Switzerland
"Kallbekken, Saelen, Hermansen",2013,Bridging the Energy Efficiency Gap: A Field Experiment on Lifetime Energy Costs and Household Appliances
DECC,2014,Evaluation of the DECC/John Lewis energy labelling trial
"Li, Cao",2021,Effectiveness of China's Labeling and Incentive Programs for Household Energy Conservation and Policy Implications
"Nishijima, Kagawa, Nansai, Oguchi",2019,Effects of product replacement programs on climate change
"Dieu-Hang, Grafton, Matrinez-Espineira, Garcia-Valinas",2017,"Household adoption of energy and water-efficient appliances: An analysis of attitudes, labelling and complementary green behaviours in selected OECD countries"
"Schultz, Colehour, Vohr, Bonn, Bullock, Sadler",2015,Using Social Marketing to Spur Residential Adoption of ENERGY STAR®-Certified LED Lighting
"Nakano, Zusman, Nugroho, Kaswanto, Arifin N, Munandar, Arifin HS, Muchtar, Gomi, Fujita",2018,Determinants of Energy Savings in Indonesia: the case of LED lighting in Bogor
"Caldwell, Vaughan, Harrod, Harrod",2019,Social Marketing–Enhanced Home Energy Education Encourages Adoption of Energy-Saving Practices
"Neves, Oliveira",2021,Drivers of consumers’ change to an energy-efficient heating appliance (EEHA) in households: Evidence from five European countries
"Kuhn, Thogersen, Kutzner",2023,"No trust in the choice architect? No problem! On the minor role of trust for
the effectiveness of default interventions promoting the choice of
energy-efficient appliances"
"Andor, Gerster, Goette",2019,How effective is the European Union energy label? Evidence from a real-stakes experiment
Asinyaka,2019,"Willingness to Pay for Energy Efficient Refrigerating Appliances in Accra, Ghana: A Choice Experiment Approach"
"Davis, Metcalf",2014,"DOES BETTER INFORMATION LEAD TO BETTER CHOICES? EVIDENCE FROM
ENERGY-EFFICIENCY LABELS"
"Faure, Guetlein, Schleich",2021,Effects of rescaling the EU energy label on household preferences for top-rated appliances
"Galarraga, Gonzalez-Eguino, Markandya",2011,Willingness to pay and price elasticities of demand for energy-efficient appliances: Combining the hedonic approach and demand systems
"Galarraga, Heres, Gonzalez-Eguino",2011,"Price premium for high-efficiency refrigerators and calculation of price-elasticities
for close-substitutes: a methodology using hedonic pricing and demand systems"
"Harajli, Chalak",2019,Willingness to Pay for Energy Efficient Appliances: The Case of Lebanese Consumers
"Li, Clark, Jensen, Yen",2014,The Effect of Mail-in Utility Rebates on Willingness-to-Pay for ENERGY STAR® Certified Refrigerators
"Newell, Siikamäki",2014,Nudging Energy Efficiency Behavior: The Role of Information Labels
Orset,2021,Is information a good policy instrument to influence the energy behaviour of households?
"Shen, Saijo",2009,"Does an energy efficiency label alter consumers’ purchasing decisions? A latent
class approach based on a stated choice experiment in Shanghai"
"Skourtos, Damigos, Tourkolias, Kontogianni",2021,Efficient energy labelling: the impact of information content and style on product choice
"Ward, Clark, Jensen, Yen, Russell",2011,Factors influencing willingness-to-pay for the ENERGY STAR (R) label
"Ward, Clark, Jensen, Yen, Russell",2011,Factors influencing willingness-to-pay for the ENERGYSTAR label
"Zhou, Bukenya",2016,Information inefficiency and willingness-to-pay forenergy-efficient technology: A stated preference approach for China Energy Label
"Ceolotto, Denny",2024,Putting a new 'Spin' on energy information: measuring the impact of reframing energy efficiency information on tumble dryer choices in a multi-country experiment
Denny,2022,"Long‑term Energy Cost Labelling for Appliances: Evidence
from a Randomised Controlled Trial in Ireland"
"Gao, Tavoni",2023,"Forget-Me-Not: The Persistent Effect of Information Provision
for Adopting Climate-Friendly Goods"
"del Mar Sola,  Escapa & Galarraga",2023,Effectiveness of monetary information in promoting the purchase of energy-efficient appliances: Evidence from a field experiment in Spain
"Mekonnen, Hassen, Jaime, Toman, Zhang",2023,The effect of information and subsidy on adoption of solar lanterns: An application of the BDM bidding mechanism in rural Ethiopia
"Xingchi Shen, Yueming Lucy Qiu, Pengfei Liu, Anand Patwardhan",2022,The Effect of Rebate and Loan Incentives on Residential Heat Pump Adoption: Evidence from North Carolina
Wang,2023,Impact of incentives to purchase energy-efficient products: evidence from Chinese households based on a mixed logit model
"Razali, Kamaludin, Azlina",2022,"Consumer Preference for Energy Label in the Purchase Decision
of Refrigerator: A Discrete Choice Experiment Approach in the
East Coast, Malaysia"
